kcat (1/s),KM (mM),Protein Sequence,Protein Accession Number,Substrate
1104.7612738898702,0.4439812669780262,EYWSRICYNYHMIHCKGPKFIFNYESRWWAYPMRYKGVGGQCWDMHDQLLVDCTTGLTCYDQRDTSQKWQQPPNGRVGVGEPTWHPYRWMTTHNTTSNKG,,C1=CC(=C[N+](=C1)[C@H]2[C@@H]([C@@H]([C@H](O2)COP(=O)(O)OP(=O)(O)OC[C@@H]3[C@H]([C@H]([C@@H](O3)N4C=NC5=C(N=CN=C54)N)O)O)O)O)C(=O)N 
31.819181503992503,0.3226568591685222,TLYNPTKYVELDFMAVKYHFPSRIQDKPSCKRWEHGEGDWWAVWEPMFIGGMVWIYSIPMSCMWSNDWKMYRVRTKVERLKGIWDDEPQPNQSQYCLKYQRPAYWKGVFTLERQQSEICTGEHGDEDMFAQSEKWHQYFKACDIDCDTAEVYITDRIDPGLGGVAANIQFCASVCRYTMFNWKGNEGRRWHDSWQRSIHYPFCKDNFMTADFHASTNLDWKVKCWRYWQGGESMKPPQMKAQLYLKECKNVVCIAMRGLSLVRQEEYQKNMADTYWDRKYAYMSVQAHDNHLLACYIQCNYMFEDGEGRVNLAYISTAHFKEINSWERDHLDCALGNQDFGCMARWRAHFYYTFYADERMCPYMYWQEPMINWLHINCMKYTLWLPCNGKQTTGNPDGIFETAKQDPIMTTEHMEEMMSMYVTGLMEVEWENYISFNFYYVNFHFTDFNIMWIFWASRETFSVHHPNFFWHYDRLFELDQCHIFLRVQVTFRKLQNCTAQ,p2,C1=CC(=C[N+](=C1)[C@H]2[C@@H]([C@@H]([C@H](O2)COP(=O)(O)OP(=O)(O)OC[C@@H]3[C@H]([C@H]([C@@H](O3)N4C=NC5=C(N=CN=C54)N)O)O)O)O)C(=O)N 
,,EYWSRICYNYHMIHCKGPKFIFNYESRWWAYPMRYKGVGGQCWDMHDQLLVDCTTGLTCYDQRDTSQKWQQPPNGRVGVGEPTWHPYRWMTTHNTTSNKG,,na
29.25668711968033,0.0798121431059486,MRWQEMGYIFYPRKLR,,InChI=1S/O2/c1-2
5.214728363976604,0.0703994243566621,MAEMEKEGRPPENKRSRKPAHPVKREINEEMKNFAENTMNELLGWYGYDKVELKDGEDIEFRSYPTDGESRQHISVLKENSLPKPKLPEDSVISPYNISTGYSGLATGNGLSDSPAGSKDHGSVPIIVPLIPPPFIKPPAEDDVSNVQIMCAWCQKVGIKRYSLSMGSEVKSFCSEKCFAACRRAYFKRNKARDEDGHAENFPQQHYAKETPRLAFKNNCELLVCDWCKHIRHTKEYLDFGDGERRLQFCSAKCLNQYKMDIFYKETQANLPAGLCSTLHPPMENKAEGTGVQLLTPDSWNIPLTDARRKAPSPVATAGQSQGPGPSASTTVSPSDTANCSVTKIPTPVPKSIPISETPNIPPVSVQPPASIGPPLGVPPRSPPMVMTNRGPVPLPIFMEQQIMQQIRPPFIRGPPHHASNPNSPLSNPMLPGIGPPPGGPRNLGPTSSPMHRPMLSPHIHPPSTPTMPGNPPGLLPPPPPGAPLPSLPFPPVSMMPNGPMPVPQMMNFGLPSLAPLVPPPTLLVPYPVIVPLPVPIPIPIPIPHVSDSKPPNGFSSNGENFIPNAPGDSAAAGGKPSGHSLSPRDSKQGSSKSADSPPGCSGQALSLAPTPAEHGRSEVVDLTRRAGSPPGPPGAGGQLGFPGVLQGPQDGVIDLTVGHRARLHNVIHRALHAHVKAEREPSAAERRTCGGCRDGHCSPPAAGDPGPGAPAGPEAAAACNVIVNGTRGAAAEGAKSAEPPPEQPPPPPPPAPPKKLLSPEEPAVSELESVKENNCASNCHLDGEAAKKLMGEEALAGGDKSDPNLNNPADEDHAYALRMLPKTGCVIQPVPKPAEKAAMAPCIISSPMLSAGPEDLEPPLKRRCLRIRNQNK,,InChI=1S/H2O/h1H2
3.470215119342345,0.0813586267019965,MWLKLFFLLLYFLVLFVLARFFEAIVWYETGIFATQLVDPVALSFKKLKTILECRGLGYSGLPEKKDVRELVEKSGDLMEGELYSALKEEEASESVSSTNFSGEMHFYELVEDTKDGIWLVQVIANDRSPLVGKIHWEKMVKKVSRFGIRTGTFNCSSDPRYCRRRGWVRSTLIMSVPQTSTSKGKVMLKEYSGRKIEVEHIFKWITAHAASRIKTIYNAEHLKEEWNKSDQYWLKIYLFANLDQPPAFFSALSIKFTGRVEFIFVNVENWDNKSYMTDIGIYNMPSYILRTPEGIYRYGNHTGEFISLQAMDSFLRSLQPEVNDLFVLSLVLVNLMAWMDLFITQGATIKRFVVLISTLGTYNSLLIISWLPVLGFLQLPYLDSFYEYSLKLLRYSNTTTLASWVRADWMFYSSHPALFLSTYLGHGLLIDYFEKKRRRNNNNDEVNANNLEWLSSLWDWYTSYLFHPIASFQNFPVESDWDEDPDLFLERLAFPDLWLHPLIPTDYIKNLPMWRFKCLGVQSEEEMSEGSQDTENDSESENTDTLSSEKEVFEDKQSVLHNSPGTASHCDAEACSCANKYCQTSPCERKGRSYGSYNTNEDMEPDWLTWPADMLHCTECVVCLENFENGCLLMGLPCGHVFHQNCIVMWLAGGRHCCPVCRWPSYKKKQPYAQHQPLSNDVPS,,[H]OC(=O)C([H])(N=C([O-])C([H])([H])C([H])([H])C([H])(N=C([O-])C([H])([H])C([H])([H])C([H])(N=C([O-])C([H])([H])C([H])([H])C([H])(N=C([O-])C([H])([H])C([H])([H])C([H])(N=C([O-])C([H])([H])C([H])([H])[C@@]([H])(N([H])C(=O)C1=C([H])C([H])=C(C([H])=C1[H])N(C([H])=O)C([H])([H])C1([H])N([H])C2=C(N([H])C(=N[H])N=C2[O-])N([H])C1([H])[H])C(=O)O[H])C(=O)O[H])C(=O)O[H])C(=O)O[H])C(=O)O[H])C([H])([H])C([H])([H])C([O-])=O
169.56725267514264,0.0677951045309838,MENEDGYMTLSFKNRCKSKQKSKDFSLYPQYYCLLLIFGCIVILIFIMTGIDLKFWHKKMDFSQNVNVSSLSGHNYLCPNDWLLNEGKCYWFSTSFKTWKESQRDCTQLQAHLLVIQNLDELEFIQNSLKPGHFGWIGLYVTFQGNLWMWIDEHFLVPELFSVIGPTDDRSCAVITGNWVYSEDCSSTFKGICQRDAILTHNGTSGV,,[H]O[C@@]1([H])[C@@]([H])(O[C@]([H])(C([H])([H])OP([O-])(=O)OP([O-])(=O)OC([H])([H])[C@@]2([H])O[C@@]([H])(N3C([H])=NC4=C(N=C([H])N=C34)N([H])[H])[C@]([H])(OP([O-])([O-])=O)[C@]2([H])O[H])[C@@]1([H])O[H])N1C([H])=C([H])C([H])([H])C(=C1[H])C(=O)N([H])[H]
44.54434984279699,0.5456153260394544,YDSMDGSGGGNYCTSKQEEPQSYTCNYAHDGLHKGWYDQSWGYWMFGYLW,,[H]O[C@]1([H])[C@]([H])(O[H])[C@]([H])(O[C@@]1([H])[N+]1=C([H])C(=C([H])C([H])=C1[H])C(=O)N([H])[H])C([H])([H])OP([O-])(=O)OP([O-])(=O)OC([H])([H])[C@@]1([H])O[C@@]([H])(N2C([H])=NC3=C(N=C([H])N=C23)N([H])[H])[C@]([H])(OP([O-])([O-])=O)[C@]1([H])O[H]
12.34457330025038,0.1051005418838779,MIQSLNCMIPMCLTDERDCFQSRVCWPITSLHRDKGGVGIDTFSGTYHWRNICQFAMEALHFYAWIPCADCWHIND,,[H]OC1=C([H])C([H])=C(C([H])=C1O[H])C([H])([H])C([H])=O
46.29628883087682,0.0397097560175388,TANPTASSVQNQINTRWMEMKH,,"InChI=1S/C8H8O4/c9-6-2-1-5(3-7(6)10)4-8(11)12/h1-3,9-10H,4H2,(H,11,12)/p-1"
1262.61352529592,0.0820830702481621,RPNTERSICQRGDDSPRFMHRTVFNEVRRTLANGPYHTKTCGGMCVERFIKADGVMEIMIDYPIYEDGFIWSCHQPPSENKKKDTWGGFNENALIEAWIKPECKAELQERKNWGAEKNGNEVWAGTIPRQCSAVSLPTINRVCLKLQVQAFEIHLMNDWRLKGCQFEMHEWVGQFMSDFKCTPDMPSVIQKCMLRIMMTVVMHFHSWSTMTPSNRKNHIHQCWE,,[H]O[C@]1([H])C([H])([H])[C@]([H])(O[H])[C@]([H])(C([H])([H])C(\[H])=C(\[H])C([H])([H])C([H])([H])C([H])([H])C([O-])=O)[C@@]1([H])C(\[H])=C(/[H])C(=O)C([H])([H])C([H])([H])C([H])([H])C([H])([H])C([H])([H])[H]
